{
  "talker": "wxid_qzrw1rjys8z612",
  "timestamp": "2025-04-22T15:17:10.525530",
  "messages_count": 0,
  "analysis": {
    "error": "No valid JSON found in response",
    "raw_response": "<think>\n好的，我现在需要分析这段聊天记录，并按照给定的指标来评估团队的表现。首先，了解整个对话内容，看看主要讨论了什么问题，以及参与者如何互动。\n\n从消息1到消息4，可以看到团队成员在尝试安排会议时间，比如开会、群聊等，这显示出他们有一定的组织意识和协调能力。接着，从消息5到消息7，有一些具体的时间提议，进一步说明他们在沟通方面的努力。\n\n接下来，从消息11开始，讨论的问题转向供应风险、技术控制和替代性困难，这些都是比较深入的话题，涉及到对华为公司业务的分析。这部分显示出团队成员具备一定的专业知识，并能够构建有意义的问题。\n\n然后，在消息32到消息34，大家讨论如何分组解决问题，比如选两个问题进行深入探讨，这体现了他们在协调和组织任务方面的能力。接着，从消息35开始，详细分析供应链风险，提到了替代性困难，这进一步展示了他们的研究能力和逻辑思维。\n\n之后，在消息36到消息42，团队成员在讨论解决方案时遇到了挑战，比如如何处理知识产权问题，以及研发和自主创新的压力。这种互动显示出他们不仅能够识别问题，还能尝试提出解决方案，尽管可能存在一些困难。\n\n最后，从消息43到消息46，他们继"
  },
  "schema_version": "0.7.0",
  "group": "cleaned",
  "original_id": "wxid_qzrw1rjys8z612"
}