{
  "talker": "wxid_qzrw1rjys8z612",
  "timestamp": "2025-04-22T14:36:10.084914",
  "messages_count": 0,
  "analysis": {
    "feedback": "The team demonstrated active participation in discussions, with members contributing ideas and organizing meetings. They showed initiative by proposing meeting times and topics. Problem-solving abilities were evident as they identified key issues and suggested solutions. Coordination was effective through organized topic selection and meeting arrangements. Response time was generally quick, though some comments took longer to appear.",
    "scores": {
      "participation": 0.0,
      "initiative": 0.0,
      "problem_solving": 0.0,
      "coordination": 0.0,
      "responsiveness": 0.0
    },
    "mentions": [],
    "version": "0.7.0"
  },
  "schema_version": "0.7.0",
  "group": "cleaned",
  "original_id": "wxid_qzrw1rjys8z612"
}