{
  "talker": "fengyuantong",
  "timestamp": "2025-04-05T07:04:15.679484",
  "messages_count": 0,
  "analysis": {
    "feedback": "The team demonstrated moderate participation and some initiative in structuring the discussion. Problem-solving was evident through specific suggestions, but deeper analysis could improve coordination and effectiveness. Responsiveness was timely.",
    "scores": {
      "participation": 3,
      "initiative": 2,
      "problem_solving": 3,
      "coordination": 2,
      "responsiveness": 1.5
    },
    "mentions": [
      "userA",
      "userB"
    ]
  },
  "schema_version": "0.5.0"
}