{
  "talker": "wxid_22uplvnzic2m22",
  "timestamp": "2025-04-05T07:04:57.074670",
  "messages_count": 0,
  "analysis": {
    "feedback": "用户A积极参与讨论并提出问题，用户B展示了组织和协调能力，提出了具体建议。用户C贡献了分析和解决方案的思路，用户D提出了详细的解决方案。",
    "scores": {
      "participation": 4,
      "initiative": 3.5,
      "problem_solving": 3,
      "coordination": 3,
      "responsiveness": 4
    },
    "mentions": [
      "userA",
      "userB"
    ],
    "version": "0.5.0"
  },
  "schema_version": "0.5.0"
}