{
  "talker": "wxid_l5qhtjd2yf9722",
  "timestamp": "2025-03-26T22:25:28.239294",
  "messages_count": 0,
  "analysis": {
    "feedback": "聊天记录显示出成员们对会议安排有一定的关注和讨论，但缺乏深入的分析和详细的解决方案建议。部分成员表现出了主动性和协调能力，但整体参与度较低。",
    "scores": {
      "participation": 3,
      "initiative": 2,
      "problem_solving": 3,
      "coordination": 4,
      "responsiveness": 3
    },
    "version": "0.2.0"
  },
  "schema_version": "0.2.0"
}