{
  "talker": "wxid_22uplvnzic2m22",
  "timestamp": "2025-03-26T22:23:36.908595",
  "messages_count": 0,
  "analysis": {
    "feedback": "该成员积极参与讨论，主动提出参考案例和开会建议，但在问题解决方面需要更深入的分析。他对团队协调有一定贡献，但有时回复较为简短。",
    "scores": {
      "participation": 3,
      "initiative": 4,
      "problem_solving": 3,
      "coordination": 4,
      "responsiveness": 3
    },
    "version": "0.2.0"
  },
  "schema_version": "0.2.0"
}