{
  "talker": "wxid_h4ls9unolgok22",
  "timestamp": "2025-04-05T07:06:30.179214",
  "messages_count": 0,
  "analysis": {
    "feedback": "用户参与了讨论，但主要是通过回应和解决问题，而缺乏主动的建议。用户提供了具体的解决方案，但在结束讨论时显得有些急躁。",
    "scores": {
      "participation": 4,
      "initiative": 3,
      "problem_solving": 4,
      "coordination": 3,
      "responsiveness": 4
    },
    "mentions": [
      "用户A"
    ],
    "version": "0.5.0"
  },
  "schema_version": "0.5.0"
}