{
  "talker": "wxid_l5qhtjd2yf9722",
  "timestamp": "2025-04-05T07:14:52.080182",
  "messages_count": 0,
  "analysis": {
    "feedback": "The team demonstrates moderate participation and initiative, with some constructive contributions in problem-solving and coordination. There are signs of effective coordination in discussing meeting arrangements.",
    "scores": {
      "participation": 2,
      "initiative": 3,
      "problem_solving": 3,
      "coordination": 4,
      "responsiveness": 4
    },
    "mentions": [
      "userA",
      "userB"
    ],
    "version": "0.5.0"
  },
  "schema_version": "0.5.0"
}