{
  "talker": "wxid_2ow94lpjiuzj22",
  "timestamp": "2025-03-22T22:09:02.785136",
  "messages_count": 0,
  "analysis": {
    "feedback": "分析显示，参与者在讨论中表现出较高的主动性和协调能力，同时能够提出有建设性的问题和建议。虽然没有展示出特别突出的问题解决能力，但整体贡献值得肯定。",
    "scores": {
      "participation": 3,
      "initiative": 4,
      "problem_solving": 3,
      "coordination": 4,
      "responsiveness": 3
    },
    "version": "0.2.0"
  },
  "schema_version": "0.2.0"
}