{
  "talker": "wxid_2ow94lpjiuzj22",
  "timestamp": "2025-03-26T22:24:11.420304",
  "messages_count": 0,
  "analysis": {
    "feedback": "该成员在讨论中积极参与并提供了一些有用的建议，如推荐华为作为案例研究对象，并指出了格式问题。然而，部分回复显得较为随意，如“哈哈哈哈哈”和“我发烧了 也过不去”，这可能影响专业性。此外，该成员在分析问题时能够提到参考前几届的例子，但缺乏深入的解决方案。",
    "scores": {
      "participation": 4,
      "initiative": 4,
      "problem_solving": 3.5,
      "coordination": 3,
      "responsiveness": 3.5
    },
    "version": "0.2.0"
  },
  "schema_version": "0.2.0"
}