{
  "talker": "wxid_l5qhtjd2yf9722",
  "timestamp": "2025-04-05T07:07:06.045111",
  "messages_count": 0,
  "analysis": {
    "feedback": "The team demonstrated active participation with frequent messages, though contributions were mostly brief. They showed initiative by suggesting using Tencent meeting and sharing solutions. Problem-solving was evident through addressing issues and proposing fixes. Coordination efforts were seen in task distribution discussions. Responsiveness was strong with timely replies.",
    "scores": {
      "participation": 3,
      "initiative": 4,
      "problem_solving": 3,
      "coordination": 4,
      "responsiveness": 5
    },
    "mentions": [
      "userA",
      "userB"
    ],
    "version": "0.5.0"
  },
  "schema_version": "0.5.0"
}