{
  "talker": "wxid_h4ls9unolgok22",
  "timestamp": "2025-03-26T22:24:50.222029",
  "messages_count": 0,
  "analysis": {
    "feedback": "用户积极参与讨论，提供了明确的问题描述和解决方案，并多次确认问题的解决情况。虽然没有大量发言，但贡献有建设性。",
    "scores": {
      "participation": 4,
      "initiative": 3,
      "problem_solving": 4,
      "coordination": 3,
      "responsiveness": 4
    },
    "version": "0.2.0"
  },
  "schema_version": "0.2.0"
}