{
  "talker": "wxid_h4ls9unolgok22",
  "timestamp": "2025-03-22T22:09:46.410928",
  "messages_count": 0,
  "analysis": {
    "feedback": "用户在这段聊天中表现出了合作态度，但有时不够积极参与讨论。他们能够主动提出解决方案并协调团队行动，问题解决能力较强，但有时响应时间较慢。",
    "scores": {
      "participation": 4,
      "initiative": 4,
      "problem_solving": 5,
      "coordination": 4,
      "responsiveness": 3
    },
    "version": "0.2.0"
  },
  "schema_version": "0.2.0"
}