{
  "talker": "wxid_22uplvnzic2m22",
  "timestamp": "2025-04-05T07:13:14.058906",
  "messages_count": 0,
  "analysis": {
    "feedback": "用户积极参与讨论，提出具体建议，并推动团队进度。主动性强，协调能力较好，问题解决能力适中，响应速度一般。",
    "scores": {
      "participation": 4,
      "initiative": 5,
      "problem_solving": 4,
      "coordination": 5,
      "responsiveness": 3
    },
    "mentions": [
      "userA",
      "userB"
    ],
    "version": "0.5.0"
  },
  "schema_version": "0.5.0"
}