{
  "talker": "wxid_qzrw1rjys8z612",
  "timestamp": "2025-03-22T22:11:03.225627",
  "messages_count": 0,
  "analysis": {
    "feedback": "该团队成员积极参与讨论并主动提议组织会议，表现出较强的协调能力和主动性。他对问题进行了初步分析，并提出了一些解决方案，但在深度分析和详细解决方案方面还有提升空间。",
    "scores": {
      "participation": 4,
      "initiative": 3,
      "problem_solving": 2,
      "coordination": 3,
      "responsiveness": 3
    },
    "version": "0.2.0"
  },
  "schema_version": "0.2.0"
}