{
  "talker": "fengyuantong",
  "timestamp": "2025-04-07T05:57:06.147472",
  "messages_count": 0,
  "analysis": {
    "evaluation": {
      "participation": 4,
      "initiative": 4,
      "problem_solving": 3.5,
      "coordination": 4,
      "responsiveness": 4,
      "comments": "用户积极参与讨论，提出多些建议，对供应链问题有深入分析，但部分内容略显重复。整体表现良好。",
      "recommended_improvements": "建议减少重复内容，进一步细化解决方案的实现步骤。",
      "mentioned_users": [
        "OinVong625"
      ]
    }
  },
  "schema_version": "0.5.0"
}