{
  "talker": "wxid_l5qhtjd2yf9722",
  "timestamp": "2025-04-14T20:41:22.720660",
  "messages_count": 0,
  "analysis": {
    "feedback": "用户A和用户B都非常活跃地参与了讨论，提供了许多有用的反馈和建议。用户A经常回复简单的确认词如'okok'和'对'，显示出良好的参与度。用户B则主动提出使用腾讯会议的建议，并分享了相关链接，体现了其协调能力。此外，他们在讨论中展现了一定的问题解决能力，如提议改用腾讯会议。",
    "scores": {
      "participation": 4.0,
      "initiative": 3.0,
      "problem_solving": 3.0,
      "coordination": 4.0,
      "responsiveness": 4.0
    },
    "mentions": [
      "userA",
      "userB"
    ],
    "version": "0.5.0"
  },
  "schema_version": "0.5.0",
  "group": "cleaned",
  "original_id": "wxid_l5qhtjd2yf9722"
}