{
  "talker": "wxid_22uplvnzic2m22",
  "timestamp": "2025-04-07T05:57:32.628861",
  "messages_count": 0,
  "analysis": {
    "feedback": "用户A在讨论中非常活跃，多次提出问题和建议，表现出很强的主动性和参与度。他能够组织会议并推动讨论进展，显示出良好的协调能力。虽然用户B的贡献较少，但他也积极回应，体现了一定的参与态度。",
    "scores": {
      "participation": 4,
      "initiative": 5,
      "problem_solving": 3,
      "coordination": 4,
      "responsiveness": 4
    },
    "mentions": [
      "userA",
      "userB"
    ],
    "version": "0.5.0"
  },
  "schema_version": "0.5.0"
}