{
  "talker": "fengyuantong",
  "timestamp": "2025-04-22T14:19:49.040959",
  "messages_count": 0,
  "analysis": {
    "feedback": "The team demonstrated active participation in structuring the paper, suggesting improvements, and discussing specific sections. They provided detailed analysis of supply chain issues and proposed solutions, showing strong analytical skills. Coordination efforts were evident through organized discussions about paper structure and content distribution. Responses were timely and constructive.",
    "scores": {
      "participation": 0.0,
      "initiative": 0.0,
      "problem_solving": 0.0,
      "coordination": 0.0,
      "responsiveness": 0.0
    },
    "mentions": [],
    "version": "0.7.0"
  },
  "schema_version": "0.7.0",
  "group": "cleaned",
  "original_id": "fengyuantong"
}