{
  "talker": "fengyuantong",
  "timestamp": "2025-04-22T15:42:26.332259",
  "messages_count": 0,
  "analysis": {
    "error": "No valid JSON found in response",
    "raw_response": "<think>\n好，我现在需要分析这段聊天记录，作为团队协作分析师，评估一下。首先，看看用户的需求是什么，他们在讨论论文结构和内容。\n\n从消息1到消息4，可以看到他们在讨论如何组织论文，比如选题、借鉴其他论文等。接着，从消息5开始，有关于分工的问题，建议将问题和解决方案分开写，还有具体的时间安排开会。\n\n然后，他们详细讨论了供应链方面的分析，列出了几个关键点，如对外部依赖、高复杂性、贸易政策影响、技术控制和安全性。这些内容显示出他们在深入探讨问题，并提出解决方案，比如供应链多元化、加强自主创新等。\n\n接下来，他们讨论了论文结构，决定分为四个部分：现状分析、问题总结、解决方案、优化建议。每个部分都有具体的内容安排，这显示出他们在协调和组织任务上有一定的能力。\n\n在评估技能方面：\n\n1. 参与度：用户经常发言，积极贡献想法，比如提议分工、讨论结构和解决方案，所以参与度应该不错。\n2. 主动性：用户主动提出建议，如分开问题部分和解决方案部分，展示了主动性。\n3. 解决问题能力：他们详细分析供应链的问题，并提出具体的解决措施，这显示出很强的解决问题能力。\n4. 协调能力：用户多次提到会议安排、"
  },
  "schema_version": "0.7.0",
  "group": "cleaned",
  "original_id": "fengyuantong"
}