{
  "talker": "fengyuantong",
  "timestamp": "2025-04-22T18:29:11.150595",
  "messages_count": 0,
  "analysis": {
    "error": "No valid JSON found in response",
    "raw_response": "<think>\n嗯，我现在需要分析一下这段聊天记录，作为团队协作分析师。首先，这个任务要求我从四个维度来评估：详细反馈、技能得分以及提到的用户。\n\n让我先看看这些消息的内容。用户们讨论了论文的结构，比如问题部分和解决方案部分，还有开会的事情。看起来他们在协调项目进度，可能是在准备某个报告或者学术论文。\n\n接下来，我需要根据规则来评估每个维度：\n\n1. **参与度（Participation）**：用户们经常发言，讨论论文结构、问题和解决方案，还有开会的安排。虽然不是所有人都频繁发言，但大多数用户有建设性的贡献，比如提议和改进意见，所以我觉得他们的参与度应该不错。\n\n2. **主动性（Initiative）**：用户们主动提出问题和解决方案，例如“借鉴这篇论文”、“建议写到另一个部分”，还有协调开会时间。这些都是主动贡献的例子，所以主动性得分应该较高。\n\n3. **问题解决能力（Problem Solving）**：用户们讨论了供应链的问题，并提出了具体的分析点，比如单一化、复杂度增加等，还有解决方案的结构安排。他们展示了对问题的深入理解和合理的解决思路，所以问题解决能力不错。\n\n4. "
  },
  "schema_version": "0.7.0",
  "group": "cleaned",
  "original_id": "fengyuantong"
}