{
  "talker": "fengyuantong",
  "timestamp": "2025-04-22T14:05:19.637944",
  "messages_count": 0,
  "analysis": {
    "error": "No valid JSON found in response",
    "raw_response": "<think>\n好的，我现在需要分析这段聊天记录，作为团队协作分析师来评估。首先，我要按照给定的维度进行详细反馈，并给每个技能分配0到5的分数。\n\n1. **参与度（Participation）**：用户在讨论中频繁发言，提出了多个问题和建议，比如“咱选啥”、“具体什么时候开会”等，这显示出较高的参与度。虽然有时回复比较简短，但整体上积极贡献了不少内容。\n\n2. **主动性（Initiative）**：用户多次提出自己的想法，比如建议分工、讨论时间安排，以及提到舍友的话，显示出一定的主动性。虽然没有完全主导整个讨论，但有持续的贡献。\n\n3. **问题解决能力（Problem Solving）**：用户在分析供应链问题时提供了详细的内容，比如列举了四个主要问题，并提出了改进建议，如增加自主创新能力和优化供应商管理。这显示出较强的分析和解决问题的能力。\n\n4. **协调能力（Coordination）**：用户多次询问会议时间、参与人数等信息，试图组织讨论流程，这说明他在尝试协调团队活动。不过，由于缺乏明确的安排，协调效果可能有限。\n\n5. **响应性（Responsiveness）**："
  },
  "schema_version": "0.7.0",
  "group": "cleaned",
  "original_id": "fengyuantong"
}