{
  "talker": "fengyuantong",
  "timestamp": "2025-04-22T02:19:40.432709",
  "messages_count": 0,
  "analysis": {
    "feedback": "The team actively contributed ideas and suggestions, showing good participation. They demonstrated initiative by proposing specific topics and organizing the paper structure. Problem-solving abilities were evident through detailed analysis of supply chain issues and proposed solutions. Coordination was observed in reaching consensus on paper sections and content organization. Responsiveness was timely with constructive feedback.",
    "scores": {
      "participation": 4.0,
      "initiative": 5.0,
      "problem_solving": 4.0,
      "coordination": 3.5,
      "responsiveness": 4.0
    },
    "mentions": [],
    "version": "0.7.0"
  },
  "schema_version": "0.7.0",
  "group": "cleaned",
  "original_id": "fengyuantong"
}