{
  "talker": "fengyuantong",
  "timestamp": "2025-04-22T22:02:34.311269",
  "messages_count": 0,
  "analysis": {
    "error": "No valid JSON found in response",
    "raw_response": "<think>\n嗯，首先我需要仔细分析一下这段聊天记录。用户提供了一系列的对话内容，看起来他们在讨论一个项目，可能是关于供应链的问题。我的任务是从这些信息中提取出有价值的反馈，并评估每个参与者的技能得分。\n\n首先，我要看看每一条消息的内容。消息1到消息3看起来是在确定具体的讨论内容，比如“咱选啥”、“where”还有一个🀄，可能是在确认时间或者地点。然后从消息4开始，用户提到了借鉴一篇论文，并提到舍友已经询问了老师。接下来，他们讨论了分工，比如问题和解决方案部分，以及具体的开会时间安排。\n\n接下来，用户多次发送信息，试图确认会议的时间和参与人员，显示出一定的主动性，但也有一些重复，比如消息24提到“内容有重复”，这可能意味着他们在讨论过程中需要更有效地组织信息。后来，他们开始详细分析供应链的问题，并提出了一系列要点，如供应链基础设施单一、运营短板、计划执行不匹配和供应商管理问题等。\n\n用户还提到了另一个论文的内容，重点放在对外部供应商依赖性、贸易政策影响、技术控制以及供应链安全性。这些分析显示他们在深入探讨问题，寻求不同的视角来解决问题。接着，他们开始讨论论文结构，如分成四部分，每一部"
  },
  "schema_version": "0.7.0",
  "group": "cleaned",
  "original_id": "fengyuantong"
}