{
  "talker": "fengyuantong",
  "timestamp": "2025-04-22T22:16:44.222450",
  "messages_count": 0,
  "analysis": {
    "error": "No valid JSON found in response",
    "raw_response": "<think>\n好，我现在需要评估这段聊天记录，作为团队协作分析师来分析。首先，用户提供了一个详细的对话历史，并要求按照特定的维度进行评分，同时包括具体的反馈和得分，以及提到的人员。\n\n首先，我要明确评估维度：详细反馈与改进建议、以及技能得分，包括参与度、主动性、解决问题能力、协调能力和响应速度。每个维度都是0到5分。\n\n接下来，我逐一阅读对话记录，找出相关的内容。\n\n1. **参与度**：用户经常发表意见，比如“咱选啥”、“反正我舍友是这么说的”等，这显示他积极参与讨论，但有时候可能显得不够细致，比如多次提到“感觉内容有重复”，这可能影响参与的深度。所以，参与度我给4分。\n\n2. **主动性**：用户多次提出自己的想法，如选择论文、问题部分和解决方案的写作建议，以及主动承担任务（比如撰写总结）。他在讨论中表现得很主动，有创意地提出改进意见，比如将内容分成部分。因此，主动性我给4分。\n\n3. **问题解决能力**：用户提供了多个解决方案的建议，比如分部分撰写、协调会议时间，以及提到供应链的问题分析。这显示他有良好的解决问题的能力，但有时候可能过于直接，如“反正我舍友是这么说的”，这可能"
  },
  "schema_version": "0.7.0",
  "group": "cleaned",
  "original_id": "fengyuantong"
}