{
  "talker": "wxid_2ow94lpjiuzj22",
  "timestamp": "2025-04-22T14:06:43.956336",
  "messages_count": 0,
  "analysis": {
    "feedback": "ç¨æ·1ä¸»å¨æåºå¯»æ¾ä¾åºé¾åææ¡ä¾å¹¶æä¾äºæ¯è¾çäºçæ¹æ³ï¼è¿æ¾ç¤ºåºè¾é«çä¸»å¨æ§åå»ºè®¾æ§è´¡ç®ãç¨æ·11æåºäºå³äºä¼åçº§çè®¨è®ºï¼å¹¶å¼ç¨åå å±çä¾å­ï¼ä½ç°äºé®é¢è§£å³è½åãæ­¤å¤ï¼ç¨æ·13å14å¯¹ææ¡£æ ¼å¼è¿è¡äºå·ä½å»ºè®®ï¼æå©äºå¢éåä½ã",
    "scores": {
      "participation": 3.0,
      "initiative": 5.0,
      "problem_solving": 4.0,
      "coordination": 3.5,
      "responsiveness": 2.5
    },
    "mentions": [
      "user1",
      "user11"
    ],
    "version": "0.7.0"
  },
  "schema_version": "0.7.0",
  "group": "cleaned",
  "original_id": "wxid_2ow94lpjiuzj22"
}