{
  "talker": "wxid_2ow94lpjiuzj22",
  "timestamp": "2025-04-22T15:14:52.924366",
  "messages_count": 0,
  "analysis": {
    "feedback": "ç¨æ·Aä¸»å¨æåºå»ºè®®å¹¶æä¾å·ä½ä¾å­ï¼å¦ä¾åºé¾ä¼ä¸çæç´¢å»ºè®®ãé¡ºä¸°/è¹æçåä½å»ºè®®ä»¥ååä¸ºçéæ©ï¼æ¾ç¤ºåºè¾é«çä¸»å¨æ§ååä¸åº¦ãç¨æ·Båéè¿ååºåç®ç­çåé¦åä¸è®¨è®ºï¼å¦æ¯è¾çäºãèªä¹ äººå¤ç­ï¼è¿äºè½ç¶ä¸å¤è¯¦ç»ï¼ä½ä½ç°äºä¸å®çå³æ³¨åé®é¢æè¯ã",
    "scores": {
      "participation": 4.0,
      "initiative": 5.0,
      "problem_solving": 4.0,
      "coordination": 5.0,
      "responsiveness": 4.0
    },
    "mentions": [
      "userA",
      "userB"
    ],
    "version": "0.7.0"
  },
  "schema_version": "0.7.0",
  "group": "cleaned",
  "original_id": "wxid_2ow94lpjiuzj22"
}