{
  "talker": "wxid_22uplvnzic2m22",
  "timestamp": "2025-04-22T14:33:17.756404",
  "messages_count": 0,
  "analysis": {
    "feedback": "ç¨æ·ç§¯æåä¸è®¨è®ºï¼å¹¶ä¸»å¨æåºè§£å³æ¹æ¡åå»ºè®®ãä»ä»¬è½å¤ç»ç»ä¼è®®å¹¶åè°å¢éæåï¼æ¾ç¤ºåºè¾å¼ºçåè°è½åãé®é¢è§£å³è½åä½ç°å¨å¯¹ç¼ºç¹åæåè§£å³æ¹æ¡çæè®®ä¸ï¼ä½å¯è½éè¦æ´æ·±å¥çåæãååºéåº¦åæ¶ï¼ç§¯æè´¡ç®ã",
    "scores": {
      "participation": 4.0,
      "initiative": 5.0,
      "problem_solving": 4.0,
      "coordination": 4.0,
      "responsiveness": 5.0
    },
    "mentions": [
      "userA",
      "userB"
    ],
    "version": "0.7.0"
  },
  "schema_version": "0.7.0",
  "group": "cleaned",
  "original_id": "wxid_22uplvnzic2m22"
}