{
  "talker": "wxid_22uplvnzic2m22",
  "timestamp": "2025-04-22T18:42:11.311129",
  "messages_count": 0,
  "analysis": {
    "feedback": "ç¨æ·å¨è®¨è®ºä¸­è¡¨ç°æ´»è·ï¼å¤æ¬¡æåºå»ºè®¾æ§çå»ºè®®åé®é¢åæãç§¯æè´¡ç®äºèªå·±çèµæºåæ³æ³ï¼å¹¶ä¸»å¨ç»ç»ä¼è®®è®¨è®ºãåè°è½åå¼ºï¼è½å¤ææå°å¼å¯¼å¢éè¿è¡è®¨è®ºãè½ç¶æ´ä½åä¸åº¦è¾é«ï¼ä½é¨ååå¤å¯è½ç¥æ¾é´éã",
    "scores": {
      "participation": 4.0,
      "initiative": 5.0,
      "problem_solving": 4.0,
      "coordination": 5.0,
      "responsiveness": 4.0
    },
    "mentions": [],
    "version": "0.7.0"
  },
  "schema_version": "0.7.0",
  "group": "cleaned",
  "original_id": "wxid_22uplvnzic2m22"
}