{
  "talker": "wxid_h4ls9unolgok22",
  "timestamp": "2025-04-22T14:22:03.039955",
  "messages_count": 0,
  "analysis": {
    "feedback": "ç¨æ·å¨è®¨è®ºä¸­è¡¨ç°åºä¸å®çä¸»å¨æ§ï¼è½å¤åç°é®é¢å¹¶æåºè§£å³æ¹æ¡ãè½ç¶åä¸é¢çä¸é«ï¼ä½åç»­æåºäºæ¶é´å®æçå»ºè®®ãé®é¢è§£å³è½åè¾å¥½ï¼è½å¤åæé®é¢å¹¶ç»äºåçå»ºè®®ãåè°è½åè¾å¼ºï¼è½å¤ç»äºä»äººæå¯¼åå¸®å©ãååºéåº¦ä¸è¬ï¼ææ¶éè¦æ´åæ¶ã",
    "scores": {
      "participation": 4.0,
      "initiative": 5.0,
      "problem_solving": 4.0,
      "coordination": 5.0,
      "responsiveness": 4.0
    },
    "mentions": [
      "userA"
    ],
    "version": "0.7.0"
  },
  "schema_version": "0.7.0",
  "group": "cleaned",
  "original_id": "wxid_h4ls9unolgok22"
}