{
  "talker": "wxid_h4ls9unolgok22",
  "timestamp": "2025-04-22T15:45:08.217696",
  "messages_count": 0,
  "analysis": {
    "feedback": "ç¨æ·å¤æ¬¡æä¾å·ä½å»ºè®®åæ£æ¥ç»æï¼ææ¶åä¸è¾æãä¸»å¨æåºè§£å³æ¹æ³ï¼é®é¢è§£å³è½åå¼ºï¼ä½åè°æ¹é¢ææ¹è¿ç©ºé´ãååºåæ¶ã",
    "scores": {
      "participation": 3.0,
      "initiative": 4.0,
      "problem_solving": 5.0,
      "coordination": 3.0,
      "responsiveness": 4.0
    },
    "mentions": [
      "userA"
    ],
    "version": "0.7.0"
  },
  "schema_version": "0.7.0",
  "group": "cleaned",
  "original_id": "wxid_h4ls9unolgok22"
}