{
  "talker": "wxid_h4ls9unolgok22",
  "timestamp": "2025-04-21T23:08:17.344039",
  "messages_count": 0,
  "analysis": {
    "feedback": "用户在讨论中有过积极的贡献，如提出解决方案和检查问题，但整体参与度较低。提议合并时间显示出一定的主动性，但协调方面需要加强。解决问题能力不错，回复及时。",
    "scores": {
      "participation": 3.0,
      "initiative": 4.0,
      "problem_solving": 4.0,
      "coordination": 3.0,
      "responsiveness": 4.0
    },
    "mentions": [
      "userA"
    ],
    "version": "0.7.0"
  },
  "schema_version": "0.7.0",
  "group": "cleaned",
  "original_id": "wxid_h4ls9unolgok22"
}