{
  "talker": "wxid_h4ls9unolgok22",
  "timestamp": "2025-04-22T19:29:20.408301",
  "messages_count": 0,
  "analysis": {
    "feedback": "ç¨æ·å¨è¿æ®µèå¤©ä¸­è¡¨ç°åºäºä¸å®çåä¸åº¦ï¼ä½å¹¶æ²¡æä¸»å¨æåºè§£å³æ¹æ¡ï¼èæ¯è¢«å¼å¯¼å»ä½¿ç¨çµèè¿è¡æ£æ¥ãç¨æ·è½å¤æ­£ç¡®è¯å«é®é¢ï¼å¹¶æä¾äºææçè§£å³æ¹æ³ï¼æ¾ç¤ºåºäºè¾å¼ºçé®é¢è§£å³è½åãä½å¨åè°æ¹é¢è¡¨ç°ä¸è¬ï¼æ²¡æææ¾çç»ç»åå®æå¢éè¡ä¸ºçè¿¹è±¡ãååºéåº¦ä¹ä¸è¬ï¼æ²¡æç¹å«çªåºçåæ¶æ§ã",
    "scores": {
      "participation": 3.0,
      "initiative": 2.0,
      "problem_solving": 4.0,
      "coordination": 2.0,
      "responsiveness": 3.0
    },
    "mentions": [
      "userA"
    ],
    "version": "0.7.0"
  },
  "schema_version": "0.7.0",
  "group": "cleaned",
  "original_id": "wxid_h4ls9unolgok22"
}