{
  "talker": "wxid_2ow94lpjiuzj22",
  "timestamp": "2025-04-22T19:28:36.606785",
  "messages_count": 0,
  "analysis": {
    "feedback": "ç¨æ·å¨è®¨è®ºä¸­å¤æ¬¡æåºå·ä½çé®é¢åå»ºè®®ï¼æ¾ç¤ºåºä¸å®çä¸»å¨æ§ååä¸åº¦ãä¾å¦ï¼æåºäºä¾åºé¾ä¼ä¸çæ¡ä¾ãææ¡£æ ¼å¼çè°æ´å»ºè®®ç­ãç¶èï¼æäºåå¤è¾ä¸ºç®ç­æç¼ºä¹æ·±å¥åæï¼å¦âæ¯è¾çäºâåâæokçâç­ï¼è¿å¯è½å½±åäºå¯¹é®é¢çæ·±å¥æ¢è®¨ãæ­¤å¤ï¼ç¨æ·ææ¶æªè½åæ¶ååºé®é¢ï¼å¦âæ¯æ²¡çå°åâåâåç§äº ä¹è¿ä¸å»âï¼è¿å¯è½å¯¼è´è¿åº¦å»¶è¿ã",
    "scores": {
      "participation": 2.0,
      "initiative": 4.0,
      "problem_solving": 3.0,
      "coordination": 2.0,
      "responsiveness": 2.0
    },
    "mentions": [
      "userA"
    ],
    "version": "0.7.0"
  },
  "schema_version": "0.7.0",
  "group": "cleaned",
  "original_id": "wxid_2ow94lpjiuzj22"
}