{
  "talker": "wxid_l5qhtjd2yf9722",
  "timestamp": "2025-04-21T23:20:31.319546",
  "messages_count": 0,
  "analysis": {
    "feedback": "用户积极参与讨论，多次发言并提出问题和解决方案。虽然有时回复较为随意，但整体上表现出良好的合作态度。",
    "scores": {
      "participation": 4.0,
      "initiative": 4.0,
      "problem_solving": 3.0,
      "coordination": 4.0,
      "responsiveness": 4.0
    },
    "mentions": [
      "userA",
      "userB"
    ],
    "version": "0.7.0"
  },
  "schema_version": "0.7.0",
  "group": "cleaned",
  "original_id": "wxid_l5qhtjd2yf9722"
}