{
  "talker": "wxid_l5qhtjd2yf9722",
  "timestamp": "2025-04-22T14:08:00.787134",
  "messages_count": 0,
  "analysis": {
    "feedback": "The team demonstrates active participation with frequent messages, though some contributions are casual. They show initiative by organizing meetings and proposing solutions. Problem-solving is evident through practical suggestions. Coordination efforts are present with meeting arrangements. Responsiveness is timely.",
    "scores": {
      "participation": 4.0,
      "initiative": 4.0,
      "problem_solving": 4.0,
      "coordination": 3.5,
      "responsiveness": 4.0
    },
    "mentions": [
      "userA",
      "userB"
    ],
    "version": "0.7.0"
  },
  "schema_version": "0.7.0",
  "group": "cleaned",
  "original_id": "wxid_l5qhtjd2yf9722"
}