{
  "talker": "wxid_l5qhtjd2yf9722",
  "timestamp": "2025-04-22T15:16:00.667423",
  "messages_count": 0,
  "analysis": {
    "error": "JSON解析失败: Expecting ',' delimiter: line 2 column 92 (char 93)",
    "raw_response": "<think>\n好，我现在需要分析这段聊天记录，并按照给定的指标进行评分。首先，用户提供了详细的规则，所以我得仔细遵循。\n\n首先，看看参与度。这个团队成员在对话中有很多回复，比如“okok”、“好的好的”等，这显示出他们经常参与讨论。不过，有些回复比较简短，像是“ok”，可能不算很深入的参与。但总体来看，他们的参与频率还不错，所以我会给4分。\n\n接下来是主动性。这里需要看是否有自发提出想法或解决方案的内容。在这段聊天中，我看到用户提到“要不整个腾讯会议吧”，并提供了链接，这显示出他们在主动提出改进措施，推动讨论，所以主动性得4分。\n\n然后是问题解决能力。虽然对话中没有明显的复杂问题，但有提到供应链的问题和解决方案。这说明成员能够识别问题并提出解决办法，所以我会给4分。\n\n协调能力方面，成员多次回应“ok”、“好的”，这显示出他们在保持讨论流畅，没有明显的冲突或阻碍，因此得4分。\n\n最后是响应速度。对话中大部分回复都是及时的，比如用户提到下雨了后不久就有人提出解决方案，说明他们比较快速地回应，所以给4分。\n\n总结一下，每个维度都给了4分，只有参与度稍微低一点，但整体表现还不错。这样评估下",
    "parser_stack": "Error at line 2, column 92"
  },
  "schema_version": "0.7.0",
  "group": "cleaned",
  "original_id": "wxid_l5qhtjd2yf9722"
}