{
  "talker": "fengyuantong",
  "timestamp": "2025-04-14T20:38:30.827580",
  "messages_count": 0,
  "analysis": {
    "feedback": {
      "participation": "用户经常发言，积极参与讨论，提出有价值的问题和建议。",
      "initiative": "用户主动提出问题，并提供建设性的解决方案，如总结论文内容并提出改进建议。",
      "problem_solving": "用户展示了良好的分析能力，能够深入理解问题并提出有效的解决方案。",
      "coordination": "用户多次提到会议安排，帮助团队达成共识，显示出较强的协调能力。",
      "response_time": "用户通常能快速回复，保持了良好的沟通效率。"
    }
  },
  "schema_version": "0.5.0",
  "group": "cleaned",
  "original_id": "fengyuantong"
}