{
  "talker": "wxid_2ow94lpjiuzj22",
  "timestamp": "2025-04-07T05:58:07.771674",
  "messages_count": 0,
  "analysis": {
    "feedback": "用户参与了讨论，提出了寻找供应链分析案例的建议，并对文档格式进行了调整。然而，有些消息显得不够正式，如笑声（消息6），这可能影响了团队协作的严肃性。此外，用户在某些情况下回复较晚（如消息10）。整体来看，用户有主动贡献，但需要注意专业性和及时性。",
    "scores": {
      "participation": 3,
      "initiative": 4,
      "problem_solving": 3,
      "coordination": 2,
      "responsiveness": 2
    },
    "mentions": [
      "用户A"
    ],
    "version": "0.5.0"
  },
  "schema_version": "0.5.0"
}