{
  "talker": "wxid_qzrw1rjys8z612",
  "timestamp": "2025-04-07T06:11:48.596759",
  "messages_count": 0,
  "analysis": {
    "feedback": "The team effectively collaborates to discuss and organize problem-solving sessions. They actively contribute ideas, coordinate meeting times, and manage tasks. The discussions show constructive contributions with a focus on addressing complex issues.",
    "scores": {
      "participation": 4,
      "initiative": 3,
      "problem_solving": 4,
      "coordination": 5,
      "responsiveness": 4
    }
  },
  "schema_version": "0.5.0"
}