{
  "talker": "wxid_qzrw1rjys8z612",
  "timestamp": "2025-04-14T20:41:56.975461",
  "messages_count": 0,
  "analysis": {
    "feedback": "The team demonstrates active participation in discussions, showing initiative by organizing meetings and proposing problem-solving approaches. They effectively coordinate group activities and respond timely to each other's messages. The analysis shows a good balance of constructive contributions and effective coordination.",
    "scores": {
      "participation": 4.0,
      "initiative": 4.0,
      "problem_solving": 3.0,
      "coordination": 4.0,
      "responsiveness": 4.0
    },
    "mentions": [
      "userA",
      "userB"
    ],
    "version": "0.5.0"
  },
  "schema_version": "0.5.0",
  "group": "cleaned",
  "original_id": "wxid_qzrw1rjys8z612"
}