{
  "talker": "wxid_h4ls9unolgok22",
  "timestamp": "2025-04-14T20:40:38.958638",
  "messages_count": 0,
  "analysis": {
    "feedback": "The team effectively collaborated to resolve the phone issue. Suggestions were made and followed through, leading to a successful problem resolution.",
    "scores": {
      "participation": 3.0,
      "initiative": 4.0,
      "problem_solving": 4.0,
      "coordination": 3.0,
      "responsiveness": 4.0
    },
    "mentions": [
      "userA",
      "userB"
    ],
    "version": "0.5.0"
  },
  "schema_version": "0.5.0",
  "group": "cleaned",
  "original_id": "wxid_h4ls9unolgok22"
}