{
  "talker": "wxid_h4ls9unolgok22",
  "timestamp": "2025-04-07T06:10:28.903146",
  "messages_count": 0,
  "analysis": {
    "feedback": "The user actively contributed to problem-solving and coordination. They provided clear instructions and checked for issues, showing responsibility.",
    "scores": {
      "participation": 4,
      "initiative": 5,
      "problem_solving": 4,
      "coordination": 5,
      "responsiveness": 4
    },
    "mentions": [],
    "version": "0.5.0"
  },
  "schema_version": "0.5.0"
}