{
  "talker": "wxid_l5qhtjd2yf9722",
  "timestamp": "2025-04-20T18:09:25.272312",
  "messages_count": 0,
  "analysis": {
    "feedback": "The team demonstrates moderate participation and initiative, with occasional constructive contributions. Problem-solving ability is limited to surface-level suggestions without depth. Coordination efforts are minimal but present in task organization. Responsiveness is timely.",
    "scores": {
      "participation": 3.0,
      "initiative": 2.0,
      "problem_solving": 1.0,
      "coordination": 2.0,
      "responsiveness": 4.0
    },
    "mentions": [
      "userA",
      "userB"
    ],
    "version": "0.5.0"
  },
  "schema_version": "0.5.0",
  "group": "cleaned",
  "original_id": "wxid_l5qhtjd2yf9722"
}