{
  "talker": "wxid_22uplvnzic2m22",
  "timestamp": "2025-04-07T06:09:00.603190",
  "messages_count": 0,
  "analysis": {
    "feedback": "用户A积极贡献，多次发言并提出具体建议，如举办会议和借鉴往年案例。用户B参与较少，但提供了简短回复。",
    "scores": {
      "participation": 4,
      "initiative": 5,
      "problem_solving": 4,
      "coordination": 5,
      "responsiveness": 4
    },
    "mentions": [
      "userA",
      "userB"
    ],
    "version": "0.5.0"
  },
  "schema_version": "0.5.0"
}