{
  "talker": "wxid_2ow94lpjiuzj22",
  "timestamp": "2025-04-14T20:40:09.955796",
  "messages_count": 0,
  "analysis": {
    "feedback": "用户A在讨论中贡献了多个建议，但互动频率适中。能够主动提出解决方案并根据反馈调整，显示出一定的主动性。提供了一些具体的解决思路，但有时可能不够深入。没有明显需要协调团队行为的情况，表现一般。回复及时，但内容有时较为随意。",
    "scores": {
      "participation": 3.0,
      "initiative": 4.0,
      "problem_solving": 3.0,
      "coordination": 2.0,
      "responsiveness": 3.0
    },
    "mentions": [
      "userA",
      "userB"
    ],
    "version": "0.5.0"
  },
  "schema_version": "0.5.0",
  "group": "cleaned",
  "original_id": "wxid_2ow94lpjiuzj22"
}