{
  "talker": 1,
  "timestamp": "2025-04-23T02:00:16.271242",
  "messages_count": 0,
  "analysis": {
    "feedback": "用户A仅发送了简单的测试信息,没有详细的问题描述或解决方案。建议用户A在讨论中更积极参与,提出更多有意义的想法,并在团队合作中提供协调和支持。",
    "scores": {
      "participation": 2.0,
      "initiative": 1.0,
      "problem_solving": 0.0,
      "coordination": 0.0,
      "responsiveness": 2.0
    },
    "mentions": [
      "userA"
    ],
    "version": "0.7.0"
  },
  "schema_version": "0.7.0",
  "group": "cleaned",
  "original_id": 1
}