{
  "talker": 1,
  "timestamp": "2025-04-22T19:20:05.250339",
  "messages_count": 0,
  "analysis": {
    "feedback": "The message is too brief to provide detailed feedback or improvement suggestions.",
    "scores": {
      "participation": 1.0,
      "initiative": 0.0,
      "problem_solving": 0.0,
      "coordination": 0.0,
      "responsiveness": 1.0
    },
    "mentions": [
      "userA"
    ],
    "version": "0.7.0"
  },
  "schema_version": "0.7.0",
  "group": "cleaned",
  "original_id": 1
}