{
  "talker": 1,
  "timestamp": "2025-04-23T01:23:32.400540",
  "messages_count": 0,
  "analysis": {
    "feedback": "The team members demonstrated low participation and lacked initiative. Problem-solving abilities were not evident, and coordination was absent. Responsiveness could be improved as timely responses were infrequent. Both users are encouraged to contribute more actively.",
    "scores": {
      "participation": 2.0,
      "initiative": 1.0,
      "problem_solving": 0.0,
      "coordination": 0.0,
      "responsiveness": 0.0
    },
    "mentions": [
      "userA",
      "userB"
    ],
    "version": "0.7.0"
  },
  "schema_version": "0.7.0",
  "group": "cleaned",
  "original_id": 1
}