{
  "talker": 1,
  "timestamp": "2025-04-22T21:58:09.033977",
  "messages_count": 0,
  "analysis": {
    "feedback": "The message content is minimal and does not provide sufficient information for detailed analysis. No constructive contributions or problem-solving attempts are evident from the provided message.",
    "scores": {
      "participation": 1.0,
      "initiative": 1.0,
      "problem_solving": 1.0,
      "coordination": 1.0,
      "responsiveness": 1.0
    },
    "mentions": [],
    "version": "0.7.0"
  },
  "schema_version": "0.7.0",
  "group": "cleaned",
  "original_id": 1
}