{
  "talker": 1,
  "timestamp": "2025-04-22T19:45:51.308815",
  "messages_count": 0,
  "analysis": {
    "feedback": "æ¶æ¯åå®¹è¾ä¸ºç®ç­ï¼ç¼ºä¹å·ä½ä¿¡æ¯åæ·±å¥åæã",
    "scores": {
      "participation": 2.0,
      "initiative": 1.0,
      "problem_solving": 1.0,
      "coordination": 1.0,
      "responsiveness": 3.0
    },
    "mentions": [
      "userA"
    ],
    "version": "0.7.0"
  },
  "schema_version": "0.7.0",
  "group": "cleaned",
  "original_id": 1
}