{
  "talker": 1,
  "timestamp": "2025-04-22T18:35:29.070115",
  "messages_count": 0,
  "analysis": {
    "feedback": "è¯¦ç»åææ¾ç¤ºï¼ç¨æ·Aå¨èå¤©è®°å½ä¸­æ²¡ææä¾å·ä½çæ¶æ¯åå®¹ï¼è¿å¯è½è¡¨æç¼ºä¹è¯¦ç»åé¦æåä¸åº¦ä¸è¶³ãå»ºè®®ç¨æ·Aå¨æªæ¥æä¾æ´å¤çå·ä½ä¿¡æ¯ï¼ä»¥ä¾¿è¿è¡æ´åç¡®çè¯ä¼°åæ¹è¿å»ºè®®ã",
    "scores": {
      "participation": 2.0,
      "initiative": 2.0,
      "problem_solving": 2.0,
      "coordination": 2.0,
      "responsiveness": 2.0
    },
    "mentions": [
      "userA"
    ],
    "version": "0.7.0"
  },
  "schema_version": "0.7.0",
  "group": "cleaned",
  "original_id": 1
}