{
  "talker": 1,
  "timestamp": "2025-04-22T22:11:41.181141",
  "messages_count": 0,
  "analysis": {
    "feedback": "消息内容较为简短,缺乏详细的讨论和具体的问题描述。",
    "scores": {
      "participation": 3.0,
      "initiative": 2.0,
      "problem_solving": 2.0,
      "coordination": 2.0,
      "responsiveness": 3.0
    },
    "mentions": [
      "userA",
      "userB"
    ],
    "version": "0.7.0"
  },
  "schema_version": "0.7.0",
  "group": "cleaned",
  "original_id": 1
}