{
  "talker": "fengyuantong",
  "timestamp": "2025-04-23T02:04:58.880984",
  "messages_count": 0,
  "analysis": {
    "error": "No valid JSON found in response",
    "raw_response": "<think>\n嗯，好，我现在要处理这些用户的消息，看起来他们在讨论一篇关于供应链问题的论文。首先，他们提到了一些具体的问题，比如供应链复杂性、贸易政策影响和技术控制，这些都是论文中可能会涉及到的部分。\n\n然后，他们在讨论如何组织论文结构，第五部分需要选择一个最优解决方案并详细阐述实现。这让我想到，或许用户希望了解如何更好地结构他们的论文，或者寻求一些写作上的建议。另外，有些消息提到了舍友的组是怎么写的，这可能意味着用户在寻求参考或借鉴。\n\n还有，他们讨论了截止日期和各部分内容的安排，比如问题1的三四部分已经有个大概，这提示他们可能需要进一步细化每个部分的内容，确保逻辑连贯性和完整性。另外，有人提到要考雅思，这可能意味着语言表达的重要性，他们可能希望在写作中使用更准确、专业的英语。\n\n总体来看，我觉得用户需要帮助整理他们的论文结构，特别是如何系统地分析供应链问题，并提出有效的解决方案。同时，他们可能也需要一些写作技巧和语言上的建议，以提升论文的质量。此外，他们可能还担心截止日期，希望尽快完成高质量的作业。\n</think>\n\n看起来这是一群学生在讨论他们的论文，特别是关于供应链问题的部"
  },
  "schema_version": "0.7.0",
  "group": "cleaned",
  "original_id": "fengyuantong"
}