{
  "talker": "fengyuantong",
  "timestamp": "2025-04-22T19:51:16.141764",
  "messages_count": 0,
  "analysis": {
    "error": "No valid JSON found in response",
    "raw_response": "<think>\n好，我现在需要根据用户提供的聊天记录，作为团队协作分析师，对话历史进行评估。首先，我要按照用户给定的五个维度来分析：详细反馈、技能得分以及提到的用户。\n\n首先看详细反馈部分。在对话中，可以看到参与者在讨论论文结构和内容，提出了一些具体的改进建议，比如减少某一部分的内容、重点放在后面部分等。例如，消息16提到“问题的部分写少点”，消息17则建议“重点放在后面两部分”。这些都显示出他们对内容的深入思考和整体结构的优化。\n\n接下来是技能评分：\n1. 参与：参与频率方面，用户经常发言，但内容更多是讨论和提供建议，而不是主动提出完整的解决方案。因此，我给3分。\n2. 主动性：用户多次提供了自己的观点，比如在消息8、9等处主动建议开会时间，并且对论文结构进行了详细分析，显示出一定的主动性，但还不够突出，所以给4分。\n3. 问题解决能力：用户提出了具体的问题，如供应链单一化、复杂度增加等，并尝试总结这些问题（消息19）。虽然有些重复（比如消息22和26），但整体上具有一定的分析深度，给4分。\n4. 协调能力：在讨论会议时间时，有提到要“速战速决”（消息14）以及协调参与人数（消息11"
  },
  "schema_version": "0.7.0",
  "group": "cleaned",
  "original_id": "fengyuantong"
}