{
  "talker": "fengyuantong",
  "timestamp": "2025-04-22T19:24:45.937023",
  "messages_count": 0,
  "analysis": {
    "error": "No valid JSON found in response",
    "raw_response": "<think>\n好，我现在需要分析这位用户的聊天记录，并根据指定的五个维度给出评分。首先，了解一下用户是谁，以及他们在讨论什么。\n\n看起来，这可能是一个学生小组在准备一份关于华为供应链的问题分析报告。他们讨论了如何结构化这个报告，比如分成几个部分，如问题、解决方案等。同时，他们提到了一些具体的内容，比如供应链复杂性、中美贸易影响等。\n\n接下来，我需要根据五个维度来评估：参与度、主动性、问题解决能力、协调能力和响应时效。\n\n1. **参与度**：用户经常在讨论中发言，提出了自己的想法，比如会议的时间安排、内容结构等。虽然有些时候只是回复或询问，但整体上贡献较多，所以评分应该是4/5。\n\n2. **主动性**：用户主动提出解决方案，比如建议如何组织报告的结构，他们提出了自己的想法，并且与他人讨论如何优化内容。这显示出一定的主动性，评分也为4/5。\n\n3. **问题解决能力**：用户参与了深入的问题分析，对供应链中的多个问题进行了详细阐述，比如单一化、复杂度增加等。他们不仅识别问题，还提出了改进的措施，所以评分较高，给4/5。\n\n4. **协调能力**：用户在讨论会议安排和报告结构时表现出良"
  },
  "schema_version": "0.7.0",
  "group": "cleaned",
  "original_id": "fengyuantong"
}