{
  "talker": "fengyuantong",
  "timestamp": "2025-04-22T18:40:40.272052",
  "messages_count": 0,
  "analysis": {
    "error": "No valid JSON found in response",
    "raw_response": "<think>\n好，我现在需要分析这段聊天记录，按照给定的维度来评估。首先，看看每一条信息的内容。\n\n用户们讨论了论文结构和内容，特别是关于供应链的问题。他们提到了一些具体的部分，如选择三个问题、总结、解决方案等，还有提到了需要注意的问题点，比如外部依赖、高复杂性、贸易政策影响等。用户们之间互相建议如何组织论文，分配任务，以及对各部分内容的具体要求。\n\n接下来，我要评估每个维度的得分：\n\n1. **参与度（Participation）**：用户们很积极地讨论了论文结构、问题点和解决方案。他们有多次提议和建议，比如“选哪三个”、“重点放在后面两部分”等，显示出良好的参与频率。\n\n2. **主动性（Initiative）**：用户不仅仅是被动地讨论，还主动提出自己的想法，如“问题的部分写少点”、“重点放在后面两部分”，这显示了他们有主动的创意和贡献。\n\n3. **解决问题能力（Problem Solving）**：在分析供应链问题时，用户提出了多个要点，如外部依赖、高复杂性、贸易政策影响等，并且讨论如何组织这些内容。虽然没有详细的解决方案，但他们展示了理解和分析问题的能力。\n\n4. **协"
  },
  "schema_version": "0.7.0",
  "group": "cleaned",
  "original_id": "fengyuantong"
}