{
  "talker": "fengyuantong",
  "timestamp": "2025-04-22T15:05:54.411497",
  "messages_count": 0,
  "analysis": {
    "error": "No valid JSON found in response",
    "raw_response": "<think>\n好，我现在需要分析这段聊天记录，作为团队协作分析师，评估用户的表现。首先，我要按照给定的维度来进行详细反馈，并给每个方面打分。\n\n首先，看看“参与度”。用户在对话中多次发言，提出了问题和建议，比如询问选什么、讨论论文部分、安排会议等，这显示出他积极参与讨论。虽然有时候回复比较简短，但总体上贡献了不少内容，所以我给“参与度”打4分。\n\n接下来是“主动性”。用户多次提出自己的想法，比如建议将问题和解决方案分开，安排会议时间，并且在讨论中提出了具体的结构安排，如第三、四、五部分。这显示出他主动贡献了自己的见解，所以“主动性”得4分。\n\n然后是“问题解决能力”。用户在对话中详细阐述了华为供应链的问题，包括依赖外部供应商、高复杂性、贸易政策影响、技术控制和安全性等方面。他还提出了改进建议，比如自主创新、优化管理流程等，这些都显示出他对问题有深入分析，因此“问题解决能力”得4分。\n\n再看“协调能力”。用户多次询问会议的时间和参与人，试图组织讨论，比如提到“具体什么时候开会”、“都谁在4-203”等，这说明他在尝试协调团队活动，因此“协调能力”得3分。\n\n最后是“响应时效性”。用户有"
  },
  "schema_version": "0.7.0",
  "group": "cleaned",
  "original_id": "fengyuantong"
}