{
  "talker": "fengyuantong",
  "timestamp": "2025-04-23T01:27:56.168863",
  "messages_count": 0,
  "analysis": {
    "error": "No valid JSON found in response",
    "raw_response": "<think>\n嗯，我现在要帮这位同学分析一下他在写论文的时候遇到的问题。看起来他们在讨论关于华为供应链的问题，这可能是因为最近的国际形势导致华为面临了一些挑战，比如美国的制裁措施。\n\n首先，消息1提到“不知道是不是手机排版问题”，这让我想到他可能在整理论文的时候遇到了格式上的困难。也许他在引用文献或者结构上有些混淆，所以想确认一下自己是否正确使用了手机或其他设备进行排版。不过，从后续的对话来看，他们似乎更关注的是论文的内容和结构，比如部分安排和解决方案。\n\n接下来，多个消息提到了论文的部分设置，比如“第三部分概述所有的供应链问题”、“第四部分分析供应链问题并提出解决方案”等。看起来他们在讨论如何组织论文内容，确保每一部分都涵盖必要的信息，并且逻辑清晰。这可能涉及到如何详细阐述各个问题，以及提供合理的解决策略。\n\n另外，他们还提到了“选择一个最优解决方案并详细阐述如何实现”，这说明他们需要在多个解决方案中找到最有效的一个，并具体说明实施步骤。这可能涉及到供应链中的多个环节，比如原材料采购、生产、物流等，每个环节都有不同的挑战和解决方法。\n\n还有一个问题是关于“第五部分选择一个最优解决方"
  },
  "schema_version": "0.7.0",
  "group": "cleaned",
  "original_id": "fengyuantong"
}