{
  "talker": "wxid_22uplvnzic2m22",
  "timestamp": "2025-04-21T23:18:27.680883",
  "messages_count": 0,
  "analysis": {
    "feedback": "用户A在整个聊天记录中表现活跃，积极提问并提供详细分析和建议，展现了较强的问题解决能力和主动性。用户B则相对较为沉默，只有在特定问题上做出回应，但也有一定的建设性贡献。",
    "scores": {
      "participation": 4.0,
      "initiative": 4.0,
      "problem_solving": 5.0,
      "coordination": 3.0,
      "responsiveness": 3.0
    },
    "mentions": [
      "userA",
      "userB"
    ],
    "version": "0.7.0"
  },
  "schema_version": "0.7.0",
  "group": "cleaned",
  "original_id": "wxid_22uplvnzic2m22"
}