{
  "talker": "wxid_h4ls9unolgok22",
  "timestamp": "2025-04-22T15:08:21.284415",
  "messages_count": 0,
  "analysis": {
    "feedback": "The user participated in the conversation but could have been more proactive. They provided some problem-solving suggestions and checked for issues, which is positive. However, their contributions were somewhat vague and lacked detailed coordination.",
    "scores": {
      "participation": 3.0,
      "initiative": 2.0,
      "problem_solving": 4.0,
      "coordination": 3.0,
      "responsiveness": 4.0
    },
    "mentions": [
      "userA"
    ],
    "version": "0.7.0"
  },
  "schema_version": "0.7.0",
  "group": "cleaned",
  "original_id": "wxid_h4ls9unolgok22"
}