{
  "talker": "wxid_h4ls9unolgok22",
  "timestamp": "2025-04-23T01:30:01.876098",
  "messages_count": 0,
  "analysis": {
    "feedback": "用户A在处理手机问题时表现出良好的问题解决能力,能够按照指示检查电脑并提交结果。用户B展示了主动性和协调能力,提议找时间合起来,并提供了有用的建议。",
    "scores": {
      "participation": 3.0,
      "initiative": 4.0,
      "problem_solving": 5.0,
      "coordination": 3.0,
      "responsiveness": 4.0
    },
    "mentions": [
      "userA",
      "userB"
    ],
    "version": "0.7.0"
  },
  "schema_version": "0.7.0",
  "group": "cleaned",
  "original_id": "wxid_h4ls9unolgok22"
}