{
  "talker": "wxid_2ow94lpjiuzj22",
  "timestamp": "2025-04-23T02:06:06.160888",
  "messages_count": 0,
  "analysis": {
    "feedback": "用户A积极贡献了具体的信息和建议,如推荐公司名称,并对问题有所解答。用户B则较少参与讨论,对话中更多是个人状态更新。",
    "scores": {
      "participation": 4.0,
      "initiative": 5.0,
      "problem_solving": 4.0,
      "coordination": 3.0,
      "responsiveness": 5.0
    },
    "mentions": [
      "userA",
      "userB"
    ],
    "version": "0.7.0"
  },
  "schema_version": "0.7.0",
  "group": "cleaned",
  "original_id": "wxid_2ow94lpjiuzj22"
}