{
  "talker": "wxid_2ow94lpjiuzj22",
  "timestamp": "2025-04-22T02:21:44.797153",
  "messages_count": 0,
  "analysis": {
    "feedback": "ç¨æ·å¨è®¨è®ºä¸­ä¸»å¨æåºè§£å³æ¹æ¡ï¼å¦å¯»æ¾ä¾åºé¾ä¼ä¸ãå»ºè®®åä¸ºï¼ä»¥åæåºæ ¼å¼é®é¢ï¼æ¾ç¤ºåºè¾å¼ºçä¸»å¨æ§åå»ºè®¾æ§è´¡ç®ãæ­¤å¤ï¼ç¨æ·å³æ³¨å¢éåé¨çé®é¢ï¼è¡¨ç°åºåè°è½åãè½ç¶åä¸åº¦è¾é«ï¼ä½é¨ååå¤ç®ç­å½±åäºååºæ¶æã",
    "scores": {
      "participation": 3.0,
      "initiative": 4.0,
      "problem_solving": 4.0,
      "coordination": 3.0,
      "responsiveness": 3.0
    },
    "mentions": [
      "ç¨æ·A"
    ],
    "version": "0.7.0"
  },
  "schema_version": "0.7.0",
  "group": "cleaned",
  "original_id": "wxid_2ow94lpjiuzj22"
}