{
  "talker": "wxid_qzrw1rjys8z612",
  "timestamp": "2025-04-22T18:33:28.172097",
  "messages_count": 0,
  "analysis": {
    "feedback": "The team actively participated in discussions, coordinated meeting times effectively, and showed initiative by proposing topics and meeting schedules. However, there could be more detailed problem identification and solution proposals to enhance the quality of contributions.",
    "scores": {
      "participation": 4.0,
      "initiative": 3.0,
      "problem_solving": 2.0,
      "coordination": 4.0,
      "responsiveness": 3.0
    },
    "mentions": [
      "userA",
      "userB"
    ],
    "version": "0.7.0"
  },
  "schema_version": "0.7.0",
  "group": "cleaned",
  "original_id": "wxid_qzrw1rjys8z612"
}