{
  "talker": "wxid_2ow94lpjiuzj22",
  "timestamp": "2025-04-23T01:29:20.282717",
  "messages_count": 0,
  "analysis": {
    "feedback": "用户在讨论中表现出一定的参与度和问题解决能力,但需要进一步展示更多自发的主动性和更详细的建设性贡献。",
    "scores": {
      "participation": 2.0,
      "initiative": 4.0,
      "problem_solving": 4.0,
      "coordination": 3.0,
      "responsiveness": 3.0
    },
    "mentions": [
      "userA"
    ],
    "version": "0.7.0"
  },
  "schema_version": "0.7.0",
  "group": "cleaned",
  "original_id": "wxid_2ow94lpjiuzj22"
}