{
  "talker": "wxid_qzrw1rjys8z612",
  "timestamp": "2025-04-22T19:30:44.722098",
  "messages_count": 0,
  "analysis": {
    "feedback": "The team demonstrated active participation in scheduling meetings and discussing potential topics. They showed initiative by proposing meeting times and contributing ideas for problem-solving. Coordination efforts were evident through organized discussions and task assignments. Responsiveness was timely, with quick responses to adjust plans.",
    "scores": {
      "participation": 4.0,
      "initiative": 4.0,
      "problem_solving": 3.0,
      "coordination": 4.0,
      "responsiveness": 4.0
    },
    "mentions": [
      "userA",
      "userB"
    ],
    "version": "0.7.0"
  },
  "schema_version": "0.7.0",
  "group": "cleaned",
  "original_id": "wxid_qzrw1rjys8z612"
}