{
  "talker": "wxid_l5qhtjd2yf9722",
  "timestamp": "2025-04-22T18:44:26.566329",
  "messages_count": 0,
  "analysis": {
    "feedback": "ç¨æ·é¢ç¹åä¸è®¨è®ºï¼è¡¨ç°åºç§¯æçæåº¦åä¸»å¨æ§ï¼ä½åå¤åå®¹è¾ä¸ºç®ç­ãæåºäºå¤ä¸ªè§£å³æ¹æ¡å¹¶ç»ç»ä»»å¡åéï¼æ¾ç¤ºåºåè°è½åãå¯¹é®é¢è§£å³æ¹é¢ææè´¡ç®ï¼ä½å·ä½ç»èå¯ä»¥æ´è¯¦ç»ã",
    "scores": {
      "participation": 4.0,
      "initiative": 3.0,
      "problem_solving": 3.0,
      "coordination": 3.0,
      "responsiveness": 4.0
    },
    "mentions": [
      "userA",
      "userB"
    ],
    "version": "0.7.0"
  },
  "schema_version": "0.7.0",
  "group": "cleaned",
  "original_id": "wxid_l5qhtjd2yf9722"
}