{
  "talker": "wxid_l5qhtjd2yf9722",
  "timestamp": "2025-04-22T15:45:49.907457",
  "messages_count": 0,
  "analysis": {
    "feedback": "The team demonstrates active participation in discussions, with constructive contributions such as suggesting meeting times and proposing solutions. However, detailed feedback with specific improvement suggestions is limited. The team shows initiative by proposing meeting arrangements and sharing resources. Problem-solving abilities are evident through proposed solutions. Coordination efforts are seen through task distribution discussions. Responsiveness is moderate with timely replies.",
    "scores": {
      "participation": 4.0,
      "initiative": 3.0,
      "problem_solving": 4.0,
      "coordination": 4.0,
      "responsiveness": 3.0
    },
    "mentions": [
      "userA",
      "userB"
    ],
    "version": "0.7.0"
  },
  "schema_version": "0.7.0",
  "group": "cleaned",
  "original_id": "wxid_l5qhtjd2yf9722"
}