{
  "talker": "wxid_l5qhtjd2yf9722",
  "timestamp": "2025-04-22T14:35:29.813453",
  "messages_count": 0,
  "analysis": {
    "error": "JSON解析失败: Expecting ',' delimiter: line 2 column 58 (char 59)",
    "raw_response": "<think>\n好，我现在要分析这段聊天记录，并按照要求给出评分和反馈。首先，我需要仔细阅读每条消息，看看用户在哪些方面表现不错，也有哪些地方可以改进。\n\n从消息内容来看，用户经常回复“okok”、“好的”等，这表明他们的响应频率较高。但是，有时候回复比较简短，比如“好滴”或者“冲！”，这可能显示出对问题理解不够深入。另外，在讨论会议安排时，用户主动提出使用腾讯会议，并提供了链接，这说明他们有主动性和组织能力。\n\n在解决方案部分，用户提到了一些具体的解决方案，比如每两个人选一个，这表明他们具备一定的问题解决能力。不过，有时候回复显得比较随意，比如“哈哈哈哈哈”，这可能影响了专业性。\n\n关于协调能力，用户经常回应“ok”、“好的”，显示出他们愿意配合，但有时可能缺乏更详细的安排和协调。例如，在会议时间讨论时，没有提到具体的时间安排，只是简单确认，这可能影响整体协调效果。\n\n总结来看，用户在参与频率和主动性方面表现较好，但在问题解决和协调上还有提升空间。响应方面虽然及时，但有时不够详细。\n</think>\n\n\n{\n    \"feedback\": \"用户经常回复简单的确认，如'okok'、'",
    "parser_stack": "Error at line 2, column 58"
  },
  "schema_version": "0.7.0",
  "group": "cleaned",
  "original_id": "wxid_l5qhtjd2yf9722"
}