{
  "talker": "wxid_2ow94lpjiuzj22",
  "timestamp": "2025-04-22T18:30:30.199421",
  "messages_count": 0,
  "analysis": {
    "feedback": "ç¨æ·Dè¡¨ç°æä¸ºçªåºï¼å¨å¤ä¸ªç»´åº¦ä¸ç»äºäºè¯¦ç»åé¦åå»ºè®¾æ§æè§ï¼åæ¬ä¸»å¨æåºé®é¢ãè§£å³æ¹æ¡ä»¥åå¯¹æ ¼å¼çå·ä½å»ºè®®ãç¨æ·Aä¹æä¾äºä¸å®çè´¡ç®ï¼ä½ææ¶ç¼ºä¹æ·±å¥åæãç¨æ·Båä¸ç¨åº¦è¾ä½ï¼ç¨æ·Cåè¡¨ç°åºä¸å®çè§å¯åä½è¡¨è¾¾æ¹å¼ä¸å¤æç¡®ã",
    "scores": {
      "participation": 4.0,
      "initiative": 5.0,
      "problem_solving": 4.0,
      "coordination": 3.0,
      "responsiveness": 4.0
    },
    "mentions": [
      "userA",
      "userB",
      "userC",
      "userD"
    ],
    "version": "0.7.0"
  },
  "schema_version": "0.7.0",
  "group": "cleaned",
  "original_id": "wxid_2ow94lpjiuzj22"
}