{
  "talker": "wxid_22uplvnzic2m22",
  "timestamp": "2025-04-22T22:17:34.833953",
  "messages_count": 0,
  "analysis": {
    "feedback": "用户在讨论中表现出较高的参与度,能够主动提出建议并寻找参考资料。虽然对问题解决有一定能力,但在协调方面还有提升空间。",
    "scores": {
      "participation": 4.0,
      "initiative": 5.0,
      "problem_solving": 4.0,
      "coordination": 3.5,
      "responsiveness": 4.0
    },
    "mentions": [
      "userA"
    ],
    "version": "0.7.0"
  },
  "schema_version": "0.7.0",
  "group": "cleaned",
  "original_id": "wxid_22uplvnzic2m22"
}