{
  "talker": "wxid_qzrw1rjys8z612",
  "timestamp": "2025-04-23T02:12:17.009258",
  "messages_count": 0,
  "analysis": {
    "error": "No valid JSON found in response",
    "raw_response": "<think>\n好，首先我要理解用户的问题。他们提供了一段包含52条消息的聊天记录，看起来是关于某个项目的讨论，特别是围绕华为公司面临的供应链和技术问题。用户希望我分析其中的情感倾向，可能用于情感分析任务。\n\n接下来，我需要从这些消息中提取关键点。看起来讨论的内容包括供应链复杂性、贸易政策影响、研发和自主创新压力等方面的问题。参与者们在讨论如何分配任务，选择研究问题，以及解决方案。\n\n然后，我要分析情感倾向。在这段对话中，大多数消息都是关于讨论具体问题和分工的，没有明显的情绪化言辞。但有一些地方可以看出他们可能感到压力，比如提到“刚刚忙着写知识产权那个没看”或者“今天交了知识产权感觉就该弄这个了，这个比网安难写感觉”，这表明他们对任务负担有些不满，但整体语气还是比较客观和理性的。\n\n接下来，我要考虑如何总结这些情感。由于大部分讨论都是围绕解决问题展开的，没有极端的情绪波动，所以我会倾向于认为整体情感是中性且务实的，主要聚焦在任务分配和解决方案上。\n\n最后，我要确保我的分析清晰、准确，并且能够帮助用户理解这段对话的情感状态。因此，我会将总结部分分点列出，突出关键点，让读者一目了然。\n</"
  },
  "schema_version": "0.7.0",
  "group": "cleaned",
  "original_id": "wxid_qzrw1rjys8z612"
}