{
  "talker": "wxid_l5qhtjd2yf9722",
  "timestamp": "2025-04-22T15:09:13.316601",
  "messages_count": 0,
  "analysis": {
    "feedback": "The team demonstrates moderate participation in discussions, with occasional constructive contributions. There is evidence of initiative shown by proposing meeting arrangements and solutions. Problem-solving abilities are present but could be more detailed. Coordination efforts are visible through arranging meetings and assigning tasks. Responsiveness is generally timely.",
    "scores": {
      "participation": 3.0,
      "initiative": 2.5,
      "problem_solving": 3.0,
      "coordination": 3.0,
      "responsiveness": 4.0
    },
    "mentions": [
      "userA",
      "userB"
    ],
    "version": "0.7.0"
  },
  "schema_version": "0.7.0",
  "group": "cleaned",
  "original_id": "wxid_l5qhtjd2yf9722"
}