{
  "talker": "wxid_22uplvnzic2m22",
  "timestamp": "2025-04-23T02:05:29.635785",
  "messages_count": 0,
  "analysis": {
    "feedback": "用户积极参与讨论,多次提出建议并提供反馈,但在解决问题方面缺乏具体行动。协调会议时间有所尝试但效果有限。",
    "scores": {
      "participation": 4.0,
      "initiative": 5.0,
      "problem_solving": 4.0,
      "coordination": 4.0,
      "responsiveness": 3.0
    },
    "mentions": [
      "userA",
      "userB"
    ],
    "version": "0.7.0"
  },
  "schema_version": "0.7.0",
  "group": "cleaned",
  "original_id": "wxid_22uplvnzic2m22"
}