{
  "talker": "wxid_l5qhtjd2yf9722",
  "timestamp": "2025-04-23T01:30:46.348743",
  "messages_count": 0,
  "analysis": {
    "feedback": "The chat history shows moderate participation with occasional constructive contributions. The team demonstrates some initiative by proposing meeting times and solutions. Problem-solving ability is evident through sharing relevant articles and suggestions. Coordination skills are decent as seen in task distribution discussions. Responsiveness is average with timely replies.",
    "scores": {
      "participation": 3.0,
      "initiative": 2.0,
      "problem_solving": 4.0,
      "coordination": 3.0,
      "responsiveness": 3.0
    },
    "mentions": [
      "userA",
      "userB"
    ],
    "version": "0.7.0"
  },
  "schema_version": "0.7.0",
  "group": "cleaned",
  "original_id": "wxid_l5qhtjd2yf9722"
}