{
  "talker": "wxid_qzrw1rjys8z612",
  "timestamp": "2025-04-23T01:36:07.478467",
  "messages_count": 0,
  "analysis": {
    "error": "No valid JSON found in response",
    "raw_response": "<think>\n嗯，我现在要分析这个关于华为供应链和技术自主可控的问题。首先，消息提到了三个主要问题：供应链复杂性、贸易政策影响以及研发和自主创新压力。然后，他们讨论了这些问题的解决方案，尤其是第2点“外部供应商的高度依赖性”。\n\n我觉得，这个问题挺有意思的，因为它涉及到华为在全球供应链中的地位，以及如何应对外部因素带来的风险。我需要先理解每个问题的具体内容，然后思考它们之间的关系以及可能的解决方案。\n\n首先，供应链复杂性。华为的供应链确实很庞大，涉及到全球多个国家和地区的合作伙伴，这可能意味着如果有任何一个环节出现问题，比如自然灾害、贸易限制或者其他因素，整个供应链都可能受到影响。这点让我想到全球化带来的复杂性问题，管理起来确实不容易。\n\n然后是贸易政策影响。中美贸易关系紧张导致美国对华为实施制裁，这使得华为很难获取关键技术和零部件。这点让我想到了国际政治经济的影响，以及企业在全球化背景下的适应能力。\n\n接下来是研发和自主创新压力。华为需要加大在研发上的投入，以实现核心技术的自主可控。这虽然有助于长期发展，但短期内确实会带来巨大的资金和人力压力。比如，研发投入增加意味着公司需要更多的"
  },
  "schema_version": "0.7.0",
  "group": "cleaned",
  "original_id": "wxid_qzrw1rjys8z612"
}