{
  "talker": "wxid_h4ls9unolgok22",
  "timestamp": "2025-04-23T02:06:33.696202",
  "messages_count": 0,
  "analysis": {
    "feedback": "用户A积极参与讨论,但发言较少；用户B主动提供解决方案,展现了高问题解决能力。整个过程协调良好,问题得到了及时确认和解决。",
    "scores": {
      "participation": 3.0,
      "initiative": 4.0,
      "problem_solving": 5.0,
      "coordination": 4.0,
      "responsiveness": 4.0
    },
    "mentions": [
      "userA",
      "userB"
    ],
    "version": "0.7.0"
  },
  "schema_version": "0.7.0",
  "group": "cleaned",
  "original_id": "wxid_h4ls9unolgok22"
}