{
  "talker": "wxid_22uplvnzic2m22",
  "timestamp": "2025-04-23T01:28:34.985663",
  "messages_count": 0,
  "analysis": {
    "feedback": "The team demonstrates active participation in discussions, with members contributing ideas and seeking examples. They show initiative by proposing meeting times and organizing discussions. Problem-solving abilities are evident as they analyze past cases and suggest improvements. Coordination efforts are present, though slightly delayed in some instances. Responsiveness is generally good, with timely responses to organize meetings.",
    "scores": {
      "participation": 4.0,
      "initiative": 4.0,
      "problem_solving": 5.0,
      "coordination": 3.0,
      "responsiveness": 4.0
    },
    "mentions": [],
    "version": "0.7.0"
  },
  "schema_version": "0.7.0",
  "group": "cleaned",
  "original_id": "wxid_22uplvnzic2m22"
}