{
  "talker": "wxid_h4ls9unolgok22",
  "timestamp": "2025-04-22T14:34:58.524649",
  "messages_count": 0,
  "analysis": {
    "feedback": "ç¨æ·å¤æ¬¡åè¨åä¸è®¨è®ºï¼ä½åå¤è¾ä¸ºç®ç­ãä¸»å¨æåºè§£å³é®é¢çæ¹æ³ï¼ä½å»ºè®®å¯ä»¥æ´å·ä½ä¸äºãæä¾äºå®éè§£å³æ¹æ¡ï¼è¡¨ç°åºä¸å®çé®é¢è§£å³è½åãä½ç¼ºä¹ææ¾çåè°è¡ä¸ºï¼ä¸»è¦æ¯ååäº¤æµãåæ¶è¿è¡æ£æ¥åç¡®è®¤é®é¢ï¼ä½è®°å½æ­¥éª¤ä¸å¤è¯¦ç»ã",
    "scores": {
      "participation": 4.0,
      "initiative": 3.0,
      "problem_solving": 4.0,
      "coordination": 2.0,
      "responsiveness": 3.0
    },
    "mentions": [
      "ç¨æ·A",
      "ç¨æ·B"
    ],
    "version": "0.7.0"
  },
  "schema_version": "0.7.0",
  "group": "cleaned",
  "original_id": "wxid_h4ls9unolgok22"
}