{
  "talker": "wxid_l5qhtjd2yf9722",
  "timestamp": "2025-04-23T02:07:08.017841",
  "messages_count": 0,
  "analysis": {
    "feedback": "The user consistently participates in discussions with brief responses. While they show some initiative by occasionally making suggestions, their contributions are often surface-level. Their problem-solving attempts are limited to basic advice or suggestions without deeper analysis. Coordination efforts are minimal as they rarely take the lead in organizing tasks. Responsiveness is good, with timely replies.",
    "scores": {
      "participation": 4.0,
      "initiative": 3.0,
      "problem_solving": 3.0,
      "coordination": 4.0,
      "responsiveness": 5.0
    },
    "mentions": [
      "userA"
    ],
    "version": "0.7.0"
  },
  "schema_version": "0.7.0",
  "group": "cleaned",
  "original_id": "wxid_l5qhtjd2yf9722"
}